2026-04-14_16-48-28,0,draft.go:2026-04-14_16-48-28
2026-04-14_16-50-31,0,draft.go:2026-04-14_16-50-31
2026-04-14_16-51-12,0,draft.go:2026-04-14_16-51-12
2026-04-14_16-58-40,0,draft.go:2026-04-14_16-51-12
2026-04-14_17-01-47,100,draft.go:2026-04-14_17-01-47
2026-04-14_17-01-52,---,draft.go:2026-04-14_17-01-47
2026-04-14_17-07-48,100,draft.go:2026-04-14_17-07-48
2026-04-14_17-07-50,---,draft.go:2026-04-14_17-07-48
2026-04-14_17-08-00,100,draft.go:2026-04-14_17-07-48
2026-04-14_17-12-48,---,draft.go:2026-04-14_17-07-48
2026-04-14_17-18-25,0,draft.go:2026-04-14_17-18-25
2026-04-14_17-18-38,0,draft.go:2026-04-14_17-18-38
2026-04-14_17-18-58,0,draft.go:2026-04-14_17-18-58
2026-04-14_17-19-15,0,draft.go:2026-04-14_17-19-15
