2026-05-19_01-26-34,0,draft.go:2026-05-19_01-26-34
2026-05-20_05-24-57,0,draft.go:2026-05-20_05-24-57
2026-05-20_05-29-45,0,draft.go:2026-05-20_05-29-45
2026-05-20_05-30-52,0,draft.go:2026-05-20_05-29-45
2026-05-20_05-32-46,---,draft.go:2026-05-20_05-32-46
2026-05-20_05-36-20,0,draft.go:2026-05-20_05-36-20
2026-05-20_05-36-31,0,draft.go:2026-05-20_05-36-31
2026-05-20_06-24-40,20,draft.go:2026-05-20_06-24-40
2026-05-23_03-49-13,20,draft.go:2026-05-23_03-49-13
2026-05-25_17-03-49,20,draft.go:2026-05-23_03-49-13
2026-05-25_17-04-17,100,draft.go:2026-05-25_17-04-17
