2026-03-10_17-13-17,0,draft.go:2026-03-10_17-13-17
2026-03-10_17-13-17,0,draft.go:2026-03-10_17-13-17
2026-03-10_17-16-40,0,draft.go:2026-03-10_17-16-40
2026-03-10_17-19-24,0,draft.go:2026-03-10_17-16-40
2026-03-10_17-23-24,0,draft.go:2026-03-10_17-16-40
2026-03-10_17-26-39,0,draft.go:2026-03-10_17-26-39
2026-03-10_17-40-10,0,draft.go:2026-03-10_17-40-10
2026-03-10_17-49-20,0,draft.go:2026-03-10_17-49-20
2026-03-10_17-50-11,0,draft.go:2026-03-10_17-50-11
2026-03-10_17-52-03,---,draft.go:2026-03-10_17-50-11
2026-03-10_17-57-30,0,draft.go:2026-03-10_17-57-30
2026-03-10_17-57-52,100,draft.go:2026-03-10_17-57-52
